video_path,category,ground_truth_path,size_x,size_y,size_z
input/ALOV300++/imagedata++/06-MotionSmoothness/06-MotionSmoothness_video00018,motionsmoothness,input/ALOV300++/alov300++_rectangleAnnotation_full/06-MotionSmoothness/06-MotionSmoothness_video00018.ann,1080,1920,143
input/ALOV300++/imagedata++/05-Shape/05-Shape_video00007,shape,input/ALOV300++/alov300++_rectangleAnnotation_full/05-Shape/05-Shape_video00007.ann,720,960,150
input/ALOV300++/imagedata++/09-Confusion/09-Confusion_video00015,confusion,input/ALOV300++/alov300++_rectangleAnnotation_full/09-Confusion/09-Confusion_video00015.ann,2160,3840,300
input/ALOV300++/imagedata++/04-Transparency/04-Transparency_video00009,transparency,input/ALOV300++/alov300++_rectangleAnnotation_full/04-Transparency/04-Transparency_video00009.ann,720,1280,493
input/ALOV300++/imagedata++/12-MovingCamera/12-MovingCamera_video00003,movingcamera,input/ALOV300++/alov300++_rectangleAnnotation_full/12-MovingCamera/12-MovingCamera_video00003.ann,720,960,369
input/ALOV300++/imagedata++/09-Confusion/09-Confusion_video00024,confusion,input/ALOV300++/alov300++_rectangleAnnotation_full/09-Confusion/09-Confusion_video00024.ann,360,480,328
input/ALOV300++/imagedata++/10-LowContrast/10-LowContrast_video00022,lowcontrast,input/ALOV300++/alov300++_rectangleAnnotation_full/10-LowContrast/10-LowContrast_video00022.ann,720,1280,478
input/ALOV300++/imagedata++/07-MotionCoherence/07-MotionCoherence_video00010,motioncoherence,input/ALOV300++/alov300++_rectangleAnnotation_full/07-MotionCoherence/07-MotionCoherence_video00010.ann,576,720,552
input/ALOV300++/imagedata++/11-Occlusion/11-Occlusion_video00004,occlusion,input/ALOV300++/alov300++_rectangleAnnotation_full/11-Occlusion/11-Occlusion_video00004.ann,720,1280,176
input/ALOV300++/imagedata++/04-Transparency/04-Transparency_video00001,transparency,input/ALOV300++/alov300++_rectangleAnnotation_full/04-Transparency/04-Transparency_video00001.ann,1080,1920,238
input/ALOV300++/imagedata++/04-Transparency/04-Transparency_video00005,transparency,input/ALOV300++/alov300++_rectangleAnnotation_full/04-Transparency/04-Transparency_video00005.ann,144,192,354
input/ALOV300++/imagedata++/06-MotionSmoothness/06-MotionSmoothness_video00003,motionsmoothness,input/ALOV300++/alov300++_rectangleAnnotation_full/06-MotionSmoothness/06-MotionSmoothness_video00003.ann,1080,1920,305
input/ALOV300++/imagedata++/05-Shape/05-Shape_video00014,shape,input/ALOV300++/alov300++_rectangleAnnotation_full/05-Shape/05-Shape_video00014.ann,720,1280,299
input/ALOV300++/imagedata++/05-Shape/05-Shape_video00016,shape,input/ALOV300++/alov300++_rectangleAnnotation_full/05-Shape/05-Shape_video00016.ann,720,1280,239
input/ALOV300++/imagedata++/11-Occlusion/11-Occlusion_video00003,occlusion,input/ALOV300++/alov300++_rectangleAnnotation_full/11-Occlusion/11-Occlusion_video00003.ann,1080,1920,145
input/ALOV300++/imagedata++/01-Light/01-Light_video00007,light,input/ALOV300++/alov300++_rectangleAnnotation_full/01-Light/01-Light_video00007.ann,480,720,399
input/ALOV300++/imagedata++/10-LowContrast/10-LowContrast_video00005,lowcontrast,input/ALOV300++/alov300++_rectangleAnnotation_full/10-LowContrast/10-LowContrast_video00005.ann,720,1280,233
input/ALOV300++/imagedata++/11-Occlusion/11-Occlusion_video00021,occlusion,input/ALOV300++/alov300++_rectangleAnnotation_full/11-Occlusion/11-Occlusion_video00021.ann,1080,1920,153
input/ALOV300++/imagedata++/01-Light/01-Light_video00024,light,input/ALOV300++/alov300++_rectangleAnnotation_full/01-Light/01-Light_video00024.ann,576,720,159
input/ALOV300++/imagedata++/09-Confusion/09-Confusion_video00007,confusion,input/ALOV300++/alov300++_rectangleAnnotation_full/09-Confusion/09-Confusion_video00007.ann,1080,1920,276
input/ALOV300++/imagedata++/08-Clutter/08-Clutter_video00013,clutter,input/ALOV300++/alov300++_rectangleAnnotation_full/08-Clutter/08-Clutter_video00013.ann,720,1280,300
input/ALOV300++/imagedata++/03-Specularity/03-Specularity_video00007,specularity,input/ALOV300++/alov300++_rectangleAnnotation_full/03-Specularity/03-Specularity_video00007.ann,720,1280,145
input/ALOV300++/imagedata++/01-Light/01-Light_video00025,light,input/ALOV300++/alov300++_rectangleAnnotation_full/01-Light/01-Light_video00025.ann,360,640,168
input/ALOV300++/imagedata++/08-Clutter/08-Clutter_video00003,clutter,input/ALOV300++/alov300++_rectangleAnnotation_full/08-Clutter/08-Clutter_video00003.ann,720,1280,465
input/ALOV300++/imagedata++/14-LongDuration/14-LongDuration_video00007,longduration,input/ALOV300++/alov300++_rectangleAnnotation_full/14-LongDuration/14-LongDuration_video00007.ann,1080,1920,2398
input/ALOV300++/imagedata++/11-Occlusion/11-Occlusion_video00032,occlusion,input/ALOV300++/alov300++_rectangleAnnotation_full/11-Occlusion/11-Occlusion_video00032.ann,480,854,100
input/ALOV300++/imagedata++/13-ZoomingCamera/13-ZoomingCamera_video00026,zoomingcamera,input/ALOV300++/alov300++_rectangleAnnotation_full/13-ZoomingCamera/13-ZoomingCamera_video00026.ann,480,854,290
input/ALOV300++/imagedata++/10-LowContrast/10-LowContrast_video00008,lowcontrast,input/ALOV300++/alov300++_rectangleAnnotation_full/10-LowContrast/10-LowContrast_video00008.ann,720,1280,403
input/ALOV300++/imagedata++/12-MovingCamera/12-MovingCamera_video00019,movingcamera,input/ALOV300++/alov300++_rectangleAnnotation_full/12-MovingCamera/12-MovingCamera_video00019.ann,240,320,987
input/ALOV300++/imagedata++/11-Occlusion/11-Occlusion_video00006,occlusion,input/ALOV300++/alov300++_rectangleAnnotation_full/11-Occlusion/11-Occlusion_video00006.ann,1080,1920,180
input/ALOV300++/imagedata++/14-LongDuration/14-LongDuration_video00006,longduration,input/ALOV300++/alov300++_rectangleAnnotation_full/14-LongDuration/14-LongDuration_video00006.ann,1080,1440,3090
input/ALOV300++/imagedata++/13-ZoomingCamera/13-ZoomingCamera_video00015,zoomingcamera,input/ALOV300++/alov300++_rectangleAnnotation_full/13-ZoomingCamera/13-ZoomingCamera_video00015.ann,1080,1920,765
input/ALOV300++/imagedata++/01-Light/01-Light_video00032,light,input/ALOV300++/alov300++_rectangleAnnotation_full/01-Light/01-Light_video00032.ann,576,704,498
input/ALOV300++/imagedata++/04-Transparency/04-Transparency_video00012,transparency,input/ALOV300++/alov300++_rectangleAnnotation_full/04-Transparency/04-Transparency_video00012.ann,300,400,331
input/ALOV300++/imagedata++/05-Shape/05-Shape_video00019,shape,input/ALOV300++/alov300++_rectangleAnnotation_full/05-Shape/05-Shape_video00019.ann,720,1280,240
input/ALOV300++/imagedata++/14-LongDuration/14-LongDuration_video00009,longduration,input/ALOV300++/alov300++_rectangleAnnotation_full/14-LongDuration/14-LongDuration_video00009.ann,576,704,1998
input/ALOV300++/imagedata++/01-Light/01-Light_video00030,light,input/ALOV300++/alov300++_rectangleAnnotation_full/01-Light/01-Light_video00030.ann,720,1280,240
input/ALOV300++/imagedata++/06-MotionSmoothness/06-MotionSmoothness_video00020,motionsmoothness,input/ALOV300++/alov300++_rectangleAnnotation_full/06-MotionSmoothness/06-MotionSmoothness_video00020.ann,576,720,428
input/ALOV300++/imagedata++/05-Shape/05-Shape_video00010,shape,input/ALOV300++/alov300++_rectangleAnnotation_full/05-Shape/05-Shape_video00010.ann,720,1280,291
input/ALOV300++/imagedata++/12-MovingCamera/12-MovingCamera_video00009,movingcamera,input/ALOV300++/alov300++_rectangleAnnotation_full/12-MovingCamera/12-MovingCamera_video00009.ann,1080,1920,180
input/ALOV300++/imagedata++/03-Specularity/03-Specularity_video00005,specularity,input/ALOV300++/alov300++_rectangleAnnotation_full/03-Specularity/03-Specularity_video00005.ann,1080,1920,360
input/ALOV300++/imagedata++/11-Occlusion/11-Occlusion_video00027,occlusion,input/ALOV300++/alov300++_rectangleAnnotation_full/11-Occlusion/11-Occlusion_video00027.ann,576,720,69
input/ALOV300++/imagedata++/09-Confusion/09-Confusion_video00031,confusion,input/ALOV300++/alov300++_rectangleAnnotation_full/09-Confusion/09-Confusion_video00031.ann,720,1280,178
input/ALOV300++/imagedata++/09-Confusion/09-Confusion_video00021,confusion,input/ALOV300++/alov300++_rectangleAnnotation_full/09-Confusion/09-Confusion_video00021.ann,720,1280,298
input/ALOV300++/imagedata++/12-MovingCamera/12-MovingCamera_video00020,movingcamera,input/ALOV300++/alov300++_rectangleAnnotation_full/12-MovingCamera/12-MovingCamera_video00020.ann,720,1280,146
input/ALOV300++/imagedata++/01-Light/01-Light_video00018,light,input/ALOV300++/alov300++_rectangleAnnotation_full/01-Light/01-Light_video00018.ann,720,1280,180
input/ALOV300++/imagedata++/07-MotionCoherence/07-MotionCoherence_video00007,motioncoherence,input/ALOV300++/alov300++_rectangleAnnotation_full/07-MotionCoherence/07-MotionCoherence_video00007.ann,720,1280,170
input/ALOV300++/imagedata++/04-Transparency/04-Transparency_video00004,transparency,input/ALOV300++/alov300++_rectangleAnnotation_full/04-Transparency/04-Transparency_video00004.ann,360,480,183
input/ALOV300++/imagedata++/02-SurfaceCover/02-SurfaceCover_video00001,surfacecover,input/ALOV300++/alov300++_rectangleAnnotation_full/02-SurfaceCover/02-SurfaceCover_video00001.ann,360,480,244
input/ALOV300++/imagedata++/12-MovingCamera/12-MovingCamera_video00007,movingcamera,input/ALOV300++/alov300++_rectangleAnnotation_full/12-MovingCamera/12-MovingCamera_video00007.ann,544,1280,230
input/ALOV300++/imagedata++/08-Clutter/08-Clutter_video00006,clutter,input/ALOV300++/alov300++_rectangleAnnotation_full/08-Clutter/08-Clutter_video00006.ann,480,640,1526
input/ALOV300++/imagedata++/10-LowContrast/10-LowContrast_video00007,lowcontrast,input/ALOV300++/alov300++_rectangleAnnotation_full/10-LowContrast/10-LowContrast_video00007.ann,720,1280,238
input/ALOV300++/imagedata++/05-Shape/05-Shape_video00015,shape,input/ALOV300++/alov300++_rectangleAnnotation_full/05-Shape/05-Shape_video00015.ann,720,1280,239
input/ALOV300++/imagedata++/13-ZoomingCamera/13-ZoomingCamera_video00007,zoomingcamera,input/ALOV300++/alov300++_rectangleAnnotation_full/13-ZoomingCamera/13-ZoomingCamera_video00007.ann,544,1280,464
input/ALOV300++/imagedata++/06-MotionSmoothness/06-MotionSmoothness_video00006,motionsmoothness,input/ALOV300++/alov300++_rectangleAnnotation_full/06-MotionSmoothness/06-MotionSmoothness_video00006.ann,720,960,225
input/ALOV300++/imagedata++/05-Shape/05-Shape_video00008,shape,input/ALOV300++/alov300++_rectangleAnnotation_full/05-Shape/05-Shape_video00008.ann,1080,1920,225
input/ALOV300++/imagedata++/06-MotionSmoothness/06-MotionSmoothness_video00022,motionsmoothness,input/ALOV300++/alov300++_rectangleAnnotation_full/06-MotionSmoothness/06-MotionSmoothness_video00022.ann,720,1280,290
input/ALOV300++/imagedata++/12-MovingCamera/12-MovingCamera_video00022,movingcamera,input/ALOV300++/alov300++_rectangleAnnotation_full/12-MovingCamera/12-MovingCamera_video00022.ann,720,1280,684
input/ALOV300++/imagedata++/09-Confusion/09-Confusion_video00035,confusion,input/ALOV300++/alov300++_rectangleAnnotation_full/09-Confusion/09-Confusion_video00035.ann,576,720,109
input/ALOV300++/imagedata++/01-Light/01-Light_video00006,light,input/ALOV300++/alov300++_rectangleAnnotation_full/01-Light/01-Light_video00006.ann,360,480,119
input/ALOV300++/imagedata++/09-Confusion/09-Confusion_video00004,confusion,input/ALOV300++/alov300++_rectangleAnnotation_full/09-Confusion/09-Confusion_video00004.ann,360,480,336
input/ALOV300++/imagedata++/12-MovingCamera/12-MovingCamera_video00001,movingcamera,input/ALOV300++/alov300++_rectangleAnnotation_full/12-MovingCamera/12-MovingCamera_video00001.ann,720,1280,630
input/ALOV300++/imagedata++/13-ZoomingCamera/13-ZoomingCamera_video00023,zoomingcamera,input/ALOV300++/alov300++_rectangleAnnotation_full/13-ZoomingCamera/13-ZoomingCamera_video00023.ann,576,720,428
input/ALOV300++/imagedata++/06-MotionSmoothness/06-MotionSmoothness_video00002,motionsmoothness,input/ALOV300++/alov300++_rectangleAnnotation_full/06-MotionSmoothness/06-MotionSmoothness_video00002.ann,576,720,499
input/ALOV300++/imagedata++/09-Confusion/09-Confusion_video00033,confusion,input/ALOV300++/alov300++_rectangleAnnotation_full/09-Confusion/09-Confusion_video00033.ann,480,854,290
input/ALOV300++/imagedata++/09-Confusion/09-Confusion_video00029,confusion,input/ALOV300++/alov300++_rectangleAnnotation_full/09-Confusion/09-Confusion_video00029.ann,1080,1920,343
input/ALOV300++/imagedata++/06-MotionSmoothness/06-MotionSmoothness_video00013,motionsmoothness,input/ALOV300++/alov300++_rectangleAnnotation_full/06-MotionSmoothness/06-MotionSmoothness_video00013.ann,1080,1920,290
input/ALOV300++/imagedata++/11-Occlusion/11-Occlusion_video00029,occlusion,input/ALOV300++/alov300++_rectangleAnnotation_full/11-Occlusion/11-Occlusion_video00029.ann,720,1280,370
input/ALOV300++/imagedata++/09-Confusion/09-Confusion_video00027,confusion,input/ALOV300++/alov300++_rectangleAnnotation_full/09-Confusion/09-Confusion_video00027.ann,720,1280,345
input/ALOV300++/imagedata++/04-Transparency/04-Transparency_video00006,transparency,input/ALOV300++/alov300++_rectangleAnnotation_full/04-Transparency/04-Transparency_video00006.ann,360,480,440
input/ALOV300++/imagedata++/09-Confusion/09-Confusion_video00008,confusion,input/ALOV300++/alov300++_rectangleAnnotation_full/09-Confusion/09-Confusion_video00008.ann,360,640,240
input/ALOV300++/imagedata++/03-Specularity/03-Specularity_video00004,specularity,input/ALOV300++/alov300++_rectangleAnnotation_full/03-Specularity/03-Specularity_video00004.ann,1080,1920,1920
input/ALOV300++/imagedata++/13-ZoomingCamera/13-ZoomingCamera_video00021,zoomingcamera,input/ALOV300++/alov300++_rectangleAnnotation_full/13-ZoomingCamera/13-ZoomingCamera_video00021.ann,720,1280,180
input/ALOV300++/imagedata++/05-Shape/05-Shape_video00023,shape,input/ALOV300++/alov300++_rectangleAnnotation_full/05-Shape/05-Shape_video00023.ann,720,1280,3331
input/ALOV300++/imagedata++/01-Light/01-Light_video00010,light,input/ALOV300++/alov300++_rectangleAnnotation_full/01-Light/01-Light_video00010.ann,576,768,433
input/ALOV300++/imagedata++/04-Transparency/04-Transparency_video00018,transparency,input/ALOV300++/alov300++_rectangleAnnotation_full/04-Transparency/04-Transparency_video00018.ann,720,1280,120
input/ALOV300++/imagedata++/06-MotionSmoothness/06-MotionSmoothness_video00015,motionsmoothness,input/ALOV300++/alov300++_rectangleAnnotation_full/06-MotionSmoothness/06-MotionSmoothness_video00015.ann,720,1280,150
input/ALOV300++/imagedata++/09-Confusion/09-Confusion_video00009,confusion,input/ALOV300++/alov300++_rectangleAnnotation_full/09-Confusion/09-Confusion_video00009.ann,1080,1920,238
input/ALOV300++/imagedata++/07-MotionCoherence/07-MotionCoherence_video00002,motioncoherence,input/ALOV300++/alov300++_rectangleAnnotation_full/07-MotionCoherence/07-MotionCoherence_video00002.ann,360,640,203
input/ALOV300++/imagedata++/05-Shape/05-Shape_video00009,shape,input/ALOV300++/alov300++_rectangleAnnotation_full/05-Shape/05-Shape_video00009.ann,1080,1920,345
input/ALOV300++/imagedata++/03-Specularity/03-Specularity_video00011,specularity,input/ALOV300++/alov300++_rectangleAnnotation_full/03-Specularity/03-Specularity_video00011.ann,720,1280,243
input/ALOV300++/imagedata++/10-LowContrast/10-LowContrast_video00023,lowcontrast,input/ALOV300++/alov300++_rectangleAnnotation_full/10-LowContrast/10-LowContrast_video00023.ann,1080,1920,135
input/ALOV300++/imagedata++/03-Specularity/03-Specularity_video00001,specularity,input/ALOV300++/alov300++_rectangleAnnotation_full/03-Specularity/03-Specularity_video00001.ann,718,1280,120
input/ALOV300++/imagedata++/11-Occlusion/11-Occlusion_video00008,occlusion,input/ALOV300++/alov300++_rectangleAnnotation_full/11-Occlusion/11-Occlusion_video00008.ann,720,1280,135
input/ALOV300++/imagedata++/01-Light/01-Light_video00014,light,input/ALOV300++/alov300++_rectangleAnnotation_full/01-Light/01-Light_video00014.ann,360,480,2885
input/ALOV300++/imagedata++/01-Light/01-Light_video00033,light,input/ALOV300++/alov300++_rectangleAnnotation_full/01-Light/01-Light_video00033.ann,576,704,498
input/ALOV300++/imagedata++/03-Specularity/03-Specularity_video00016,specularity,input/ALOV300++/alov300++_rectangleAnnotation_full/03-Specularity/03-Specularity_video00016.ann,720,1280,225
input/ALOV300++/imagedata++/09-Confusion/09-Confusion_video00028,confusion,input/ALOV300++/alov300++_rectangleAnnotation_full/09-Confusion/09-Confusion_video00028.ann,480,640,1739
input/ALOV300++/imagedata++/07-MotionCoherence/07-MotionCoherence_video00003,motioncoherence,input/ALOV300++/alov300++_rectangleAnnotation_full/07-MotionCoherence/07-MotionCoherence_video00003.ann,360,640,174
input/ALOV300++/imagedata++/12-MovingCamera/12-MovingCamera_video00011,movingcamera,input/ALOV300++/alov300++_rectangleAnnotation_full/12-MovingCamera/12-MovingCamera_video00011.ann,720,1280,341
input/ALOV300++/imagedata++/11-Occlusion/11-Occlusion_video00002,occlusion,input/ALOV300++/alov300++_rectangleAnnotation_full/11-Occlusion/11-Occlusion_video00002.ann,720,1280,145
input/ALOV300++/imagedata++/05-Shape/05-Shape_video00021,shape,input/ALOV300++/alov300++_rectangleAnnotation_full/05-Shape/05-Shape_video00021.ann,692,1280,149
input/ALOV300++/imagedata++/03-Specularity/03-Specularity_video00013,specularity,input/ALOV300++/alov300++_rectangleAnnotation_full/03-Specularity/03-Specularity_video00013.ann,1080,1920,120
input/ALOV300++/imagedata++/05-Shape/05-Shape_video00006,shape,input/ALOV300++/alov300++_rectangleAnnotation_full/05-Shape/05-Shape_video00006.ann,282,502,406
input/ALOV300++/imagedata++/10-LowContrast/10-LowContrast_video00011,lowcontrast,input/ALOV300++/alov300++_rectangleAnnotation_full/10-LowContrast/10-LowContrast_video00011.ann,720,1280,870
input/ALOV300++/imagedata++/11-Occlusion/11-Occlusion_video00023,occlusion,input/ALOV300++/alov300++_rectangleAnnotation_full/11-Occlusion/11-Occlusion_video00023.ann,1080,1920,150
input/ALOV300++/imagedata++/01-Light/01-Light_video00028,light,input/ALOV300++/alov300++_rectangleAnnotation_full/01-Light/01-Light_video00028.ann,720,1280,320
input/ALOV300++/imagedata++/03-Specularity/03-Specularity_video00018,specularity,input/ALOV300++/alov300++_rectangleAnnotation_full/03-Specularity/03-Specularity_video00018.ann,720,1280,226
input/ALOV300++/imagedata++/09-Confusion/09-Confusion_video00036,confusion,input/ALOV300++/alov300++_rectangleAnnotation_full/09-Confusion/09-Confusion_video00036.ann,576,768,531
input/ALOV300++/imagedata++/12-MovingCamera/12-MovingCamera_video00002,movingcamera,input/ALOV300++/alov300++_rectangleAnnotation_full/12-MovingCamera/12-MovingCamera_video00002.ann,1080,1920,225
input/ALOV300++/imagedata++/10-LowContrast/10-LowContrast_video00012,lowcontrast,input/ALOV300++/alov300++_rectangleAnnotation_full/10-LowContrast/10-LowContrast_video00012.ann,1080,1920,185
input/ALOV300++/imagedata++/09-Confusion/09-Confusion_video00023,confusion,input/ALOV300++/alov300++_rectangleAnnotation_full/09-Confusion/09-Confusion_video00023.ann,720,1280,298
input/ALOV300++/imagedata++/08-Clutter/08-Clutter_video00005,clutter,input/ALOV300++/alov300++_rectangleAnnotation_full/08-Clutter/08-Clutter_video00005.ann,544,1280,819
input/ALOV300++/imagedata++/13-ZoomingCamera/13-ZoomingCamera_video00019,zoomingcamera,input/ALOV300++/alov300++_rectangleAnnotation_full/13-ZoomingCamera/13-ZoomingCamera_video00019.ann,1080,1920,100
input/ALOV300++/imagedata++/10-LowContrast/10-LowContrast_video00015,lowcontrast,input/ALOV300++/alov300++_rectangleAnnotation_full/10-LowContrast/10-LowContrast_video00015.ann,1080,1920,190
input/ALOV300++/imagedata++/09-Confusion/09-Confusion_video00006,confusion,input/ALOV300++/alov300++_rectangleAnnotation_full/09-Confusion/09-Confusion_video00006.ann,1080,1920,120
input/ALOV300++/imagedata++/08-Clutter/08-Clutter_video00004,clutter,input/ALOV300++/alov300++_rectangleAnnotation_full/08-Clutter/08-Clutter_video00004.ann,720,1280,645
input/ALOV300++/imagedata++/14-LongDuration/14-LongDuration_video00010,longduration,input/ALOV300++/alov300++_rectangleAnnotation_full/14-LongDuration/14-LongDuration_video00010.ann,576,704,2356
input/ALOV300++/imagedata++/10-LowContrast/10-LowContrast_video00010,lowcontrast,input/ALOV300++/alov300++_rectangleAnnotation_full/10-LowContrast/10-LowContrast_video00010.ann,1080,1920,229
input/ALOV300++/imagedata++/10-LowContrast/10-LowContrast_video00019,lowcontrast,input/ALOV300++/alov300++_rectangleAnnotation_full/10-LowContrast/10-LowContrast_video00019.ann,720,1280,358
input/ALOV300++/imagedata++/02-SurfaceCover/02-SurfaceCover_video00007,surfacecover,input/ALOV300++/alov300++_rectangleAnnotation_full/02-SurfaceCover/02-SurfaceCover_video00007.ann,480,640,409
input/ALOV300++/imagedata++/12-MovingCamera/12-MovingCamera_video00014,movingcamera,input/ALOV300++/alov300++_rectangleAnnotation_full/12-MovingCamera/12-MovingCamera_video00014.ann,480,640,120
input/ALOV300++/imagedata++/10-LowContrast/10-LowContrast_video00013,lowcontrast,input/ALOV300++/alov300++_rectangleAnnotation_full/10-LowContrast/10-LowContrast_video00013.ann,1080,1920,421
input/ALOV300++/imagedata++/11-Occlusion/11-Occlusion_video00009,occlusion,input/ALOV300++/alov300++_rectangleAnnotation_full/11-Occlusion/11-Occlusion_video00009.ann,720,1280,65
input/ALOV300++/imagedata++/01-Light/01-Light_video00026,light,input/ALOV300++/alov300++_rectangleAnnotation_full/01-Light/01-Light_video00026.ann,360,640,312
input/ALOV300++/imagedata++/09-Confusion/09-Confusion_video00005,confusion,input/ALOV300++/alov300++_rectangleAnnotation_full/09-Confusion/09-Confusion_video00005.ann,544,1280,361
input/ALOV300++/imagedata++/12-MovingCamera/12-MovingCamera_video00004,movingcamera,input/ALOV300++/alov300++_rectangleAnnotation_full/12-MovingCamera/12-MovingCamera_video00004.ann,720,960,659
input/ALOV300++/imagedata++/09-Confusion/09-Confusion_video00018,confusion,input/ALOV300++/alov300++_rectangleAnnotation_full/09-Confusion/09-Confusion_video00018.ann,576,720,299
input/ALOV300++/imagedata++/10-LowContrast/10-LowContrast_video00021,lowcontrast,input/ALOV300++/alov300++_rectangleAnnotation_full/10-LowContrast/10-LowContrast_video00021.ann,720,1280,238
input/ALOV300++/imagedata++/01-Light/01-Light_video00013,light,input/ALOV300++/alov300++_rectangleAnnotation_full/01-Light/01-Light_video00013.ann,480,640,170
input/ALOV300++/imagedata++/03-Specularity/03-Specularity_video00009,specularity,input/ALOV300++/alov300++_rectangleAnnotation_full/03-Specularity/03-Specularity_video00009.ann,1080,1920,390
input/ALOV300++/imagedata++/08-Clutter/08-Clutter_video00010,clutter,input/ALOV300++/alov300++_rectangleAnnotation_full/08-Clutter/08-Clutter_video00010.ann,720,1280,705
input/ALOV300++/imagedata++/11-Occlusion/11-Occlusion_video00014,occlusion,input/ALOV300++/alov300++_rectangleAnnotation_full/11-Occlusion/11-Occlusion_video00014.ann,544,1280,595
input/ALOV300++/imagedata++/02-SurfaceCover/02-SurfaceCover_video00006,surfacecover,input/ALOV300++/alov300++_rectangleAnnotation_full/02-SurfaceCover/02-SurfaceCover_video00006.ann,360,540,174
input/ALOV300++/imagedata++/10-LowContrast/10-LowContrast_video00017,lowcontrast,input/ALOV300++/alov300++_rectangleAnnotation_full/10-LowContrast/10-LowContrast_video00017.ann,720,1280,298
input/ALOV300++/imagedata++/08-Clutter/08-Clutter_video00002,clutter,input/ALOV300++/alov300++_rectangleAnnotation_full/08-Clutter/08-Clutter_video00002.ann,718,1280,70
input/ALOV300++/imagedata++/01-Light/01-Light_video00012,light,input/ALOV300++/alov300++_rectangleAnnotation_full/01-Light/01-Light_video00012.ann,480,640,157
input/ALOV300++/imagedata++/10-LowContrast/10-LowContrast_video00020,lowcontrast,input/ALOV300++/alov300++_rectangleAnnotation_full/10-LowContrast/10-LowContrast_video00020.ann,720,1280,239
input/ALOV300++/imagedata++/11-Occlusion/11-Occlusion_video00030,occlusion,input/ALOV300++/alov300++_rectangleAnnotation_full/11-Occlusion/11-Occlusion_video00030.ann,720,1280,330
input/ALOV300++/imagedata++/13-ZoomingCamera/13-ZoomingCamera_video00027,zoomingcamera,input/ALOV300++/alov300++_rectangleAnnotation_full/13-ZoomingCamera/13-ZoomingCamera_video00027.ann,480,854,290
input/ALOV300++/imagedata++/12-MovingCamera/12-MovingCamera_video00013,movingcamera,input/ALOV300++/alov300++_rectangleAnnotation_full/12-MovingCamera/12-MovingCamera_video00013.ann,720,1280,526
input/ALOV300++/imagedata++/05-Shape/05-Shape_video00002,shape,input/ALOV300++/alov300++_rectangleAnnotation_full/05-Shape/05-Shape_video00002.ann,720,1280,241
input/ALOV300++/imagedata++/08-Clutter/08-Clutter_video00012,clutter,input/ALOV300++/alov300++_rectangleAnnotation_full/08-Clutter/08-Clutter_video00012.ann,720,1280,118
input/ALOV300++/imagedata++/12-MovingCamera/12-MovingCamera_video00005,movingcamera,input/ALOV300++/alov300++_rectangleAnnotation_full/12-MovingCamera/12-MovingCamera_video00005.ann,1080,1920,343
input/ALOV300++/imagedata++/03-Specularity/03-Specularity_video00002,specularity,input/ALOV300++/alov300++_rectangleAnnotation_full/03-Specularity/03-Specularity_video00002.ann,1080,1920,461
input/ALOV300++/imagedata++/09-Confusion/09-Confusion_video00032,confusion,input/ALOV300++/alov300++_rectangleAnnotation_full/09-Confusion/09-Confusion_video00032.ann,480,854,200
input/ALOV300++/imagedata++/06-MotionSmoothness/06-MotionSmoothness_video00017,motionsmoothness,input/ALOV300++/alov300++_rectangleAnnotation_full/06-MotionSmoothness/06-MotionSmoothness_video00017.ann,240,352,1738
input/ALOV300++/imagedata++/13-ZoomingCamera/13-ZoomingCamera_video00009,zoomingcamera,input/ALOV300++/alov300++_rectangleAnnotation_full/13-ZoomingCamera/13-ZoomingCamera_video00009.ann,480,854,490
input/ALOV300++/imagedata++/12-MovingCamera/12-MovingCamera_video00021,movingcamera,input/ALOV300++/alov300++_rectangleAnnotation_full/12-MovingCamera/12-MovingCamera_video00021.ann,720,1280,340
input/ALOV300++/imagedata++/03-Specularity/03-Specularity_video00014,specularity,input/ALOV300++/alov300++_rectangleAnnotation_full/03-Specularity/03-Specularity_video00014.ann,360,480,652
input/ALOV300++/imagedata++/12-MovingCamera/12-MovingCamera_video00015,movingcamera,input/ALOV300++/alov300++_rectangleAnnotation_full/12-MovingCamera/12-MovingCamera_video00015.ann,480,854,250
input/ALOV300++/imagedata++/01-Light/01-Light_video00021,light,input/ALOV300++/alov300++_rectangleAnnotation_full/01-Light/01-Light_video00021.ann,240,320,1802
input/ALOV300++/imagedata++/10-LowContrast/10-LowContrast_video00003,lowcontrast,input/ALOV300++/alov300++_rectangleAnnotation_full/10-LowContrast/10-LowContrast_video00003.ann,720,960,306
input/ALOV300++/imagedata++/04-Transparency/04-Transparency_video00010,transparency,input/ALOV300++/alov300++_rectangleAnnotation_full/04-Transparency/04-Transparency_video00010.ann,360,480,298
input/ALOV300++/imagedata++/01-Light/01-Light_video00009,light,input/ALOV300++/alov300++_rectangleAnnotation_full/01-Light/01-Light_video00009.ann,544,1280,354
input/ALOV300++/imagedata++/13-ZoomingCamera/13-ZoomingCamera_video00004,zoomingcamera,input/ALOV300++/alov300++_rectangleAnnotation_full/13-ZoomingCamera/13-ZoomingCamera_video00004.ann,480,854,196
input/ALOV300++/imagedata++/06-MotionSmoothness/06-MotionSmoothness_video00008,motionsmoothness,input/ALOV300++/alov300++_rectangleAnnotation_full/06-MotionSmoothness/06-MotionSmoothness_video00008.ann,576,768,793
input/ALOV300++/imagedata++/13-ZoomingCamera/13-ZoomingCamera_video00018,zoomingcamera,input/ALOV300++/alov300++_rectangleAnnotation_full/13-ZoomingCamera/13-ZoomingCamera_video00018.ann,1080,1920,95
input/ALOV300++/imagedata++/12-MovingCamera/12-MovingCamera_video00010,movingcamera,input/ALOV300++/alov300++_rectangleAnnotation_full/12-MovingCamera/12-MovingCamera_video00010.ann,1080,1920,120
input/ALOV300++/imagedata++/02-SurfaceCover/02-SurfaceCover_video00003,surfacecover,input/ALOV300++/alov300++_rectangleAnnotation_full/02-SurfaceCover/02-SurfaceCover_video00003.ann,1080,1920,223
input/ALOV300++/imagedata++/11-Occlusion/11-Occlusion_video00005,occlusion,input/ALOV300++/alov300++_rectangleAnnotation_full/11-Occlusion/11-Occlusion_video00005.ann,720,1280,120
input/ALOV300++/imagedata++/01-Light/01-Light_video00003,light,input/ALOV300++/alov300++_rectangleAnnotation_full/01-Light/01-Light_video00003.ann,718,1280,186
input/ALOV300++/imagedata++/09-Confusion/09-Confusion_video00012,confusion,input/ALOV300++/alov300++_rectangleAnnotation_full/09-Confusion/09-Confusion_video00012.ann,1080,1920,148
input/ALOV300++/imagedata++/11-Occlusion/11-Occlusion_video00010,occlusion,input/ALOV300++/alov300++_rectangleAnnotation_full/11-Occlusion/11-Occlusion_video00010.ann,576,768,2686
input/ALOV300++/imagedata++/11-Occlusion/11-Occlusion_video00012,occlusion,input/ALOV300++/alov300++_rectangleAnnotation_full/11-Occlusion/11-Occlusion_video00012.ann,720,1280,98
input/ALOV300++/imagedata++/05-Shape/05-Shape_video00003,shape,input/ALOV300++/alov300++_rectangleAnnotation_full/05-Shape/05-Shape_video00003.ann,360,480,240
input/ALOV300++/imagedata++/02-SurfaceCover/02-SurfaceCover_video00004,surfacecover,input/ALOV300++/alov300++_rectangleAnnotation_full/02-SurfaceCover/02-SurfaceCover_video00004.ann,720,1280,187
input/ALOV300++/imagedata++/11-Occlusion/11-Occlusion_video00019,occlusion,input/ALOV300++/alov300++_rectangleAnnotation_full/11-Occlusion/11-Occlusion_video00019.ann,1080,1920,225
input/ALOV300++/imagedata++/03-Specularity/03-Specularity_video00010,specularity,input/ALOV300++/alov300++_rectangleAnnotation_full/03-Specularity/03-Specularity_video00010.ann,1080,1920,317
input/ALOV300++/imagedata++/02-SurfaceCover/02-SurfaceCover_video00014,surfacecover,input/ALOV300++/alov300++_rectangleAnnotation_full/02-SurfaceCover/02-SurfaceCover_video00014.ann,480,720,230
input/ALOV300++/imagedata++/04-Transparency/04-Transparency_video00014,transparency,input/ALOV300++/alov300++_rectangleAnnotation_full/04-Transparency/04-Transparency_video00014.ann,240,320,120
input/ALOV300++/imagedata++/11-Occlusion/11-Occlusion_video00007,occlusion,input/ALOV300++/alov300++_rectangleAnnotation_full/11-Occlusion/11-Occlusion_video00007.ann,1080,1920,606
input/ALOV300++/imagedata++/14-LongDuration/14-LongDuration_video00002,longduration,input/ALOV300++/alov300++_rectangleAnnotation_full/14-LongDuration/14-LongDuration_video00002.ann,240,640,3094
input/ALOV300++/imagedata++/08-Clutter/08-Clutter_video00001,clutter,input/ALOV300++/alov300++_rectangleAnnotation_full/08-Clutter/08-Clutter_video00001.ann,720,1280,600
input/ALOV300++/imagedata++/06-MotionSmoothness/06-MotionSmoothness_video00021,motionsmoothness,input/ALOV300++/alov300++_rectangleAnnotation_full/06-MotionSmoothness/06-MotionSmoothness_video00021.ann,240,352,148
input/ALOV300++/imagedata++/04-Transparency/04-Transparency_video00007,transparency,input/ALOV300++/alov300++_rectangleAnnotation_full/04-Transparency/04-Transparency_video00007.ann,1080,1920,572
input/ALOV300++/imagedata++/01-Light/01-Light_video00016,light,input/ALOV300++/alov300++_rectangleAnnotation_full/01-Light/01-Light_video00016.ann,240,320,759
input/ALOV300++/imagedata++/14-LongDuration/14-LongDuration_video00005,longduration,input/ALOV300++/alov300++_rectangleAnnotation_full/14-LongDuration/14-LongDuration_video00005.ann,360,640,4400
input/ALOV300++/imagedata++/09-Confusion/09-Confusion_video00014,confusion,input/ALOV300++/alov300++_rectangleAnnotation_full/09-Confusion/09-Confusion_video00014.ann,720,1280,270
input/ALOV300++/imagedata++/07-MotionCoherence/07-MotionCoherence_video00005,motioncoherence,input/ALOV300++/alov300++_rectangleAnnotation_full/07-MotionCoherence/07-MotionCoherence_video00005.ann,240,320,5975
input/ALOV300++/imagedata++/09-Confusion/09-Confusion_video00026,confusion,input/ALOV300++/alov300++_rectangleAnnotation_full/09-Confusion/09-Confusion_video00026.ann,240,320,83
input/ALOV300++/imagedata++/08-Clutter/08-Clutter_video00007,clutter,input/ALOV300++/alov300++_rectangleAnnotation_full/08-Clutter/08-Clutter_video00007.ann,1080,1920,150
input/ALOV300++/imagedata++/03-Specularity/03-Specularity_video00017,specularity,input/ALOV300++/alov300++_rectangleAnnotation_full/03-Specularity/03-Specularity_video00017.ann,720,1280,225
input/ALOV300++/imagedata++/06-MotionSmoothness/06-MotionSmoothness_video00014,motionsmoothness,input/ALOV300++/alov300++_rectangleAnnotation_full/06-MotionSmoothness/06-MotionSmoothness_video00014.ann,720,1280,291
input/ALOV300++/imagedata++/04-Transparency/04-Transparency_video00003,transparency,input/ALOV300++/alov300++_rectangleAnnotation_full/04-Transparency/04-Transparency_video00003.ann,360,480,291
input/ALOV300++/imagedata++/01-Light/01-Light_video00027,light,input/ALOV300++/alov300++_rectangleAnnotation_full/01-Light/01-Light_video00027.ann,720,1280,147
input/ALOV300++/imagedata++/01-Light/01-Light_video00020,light,input/ALOV300++/alov300++_rectangleAnnotation_full/01-Light/01-Light_video00020.ann,480,640,193
input/ALOV300++/imagedata++/05-Shape/05-Shape_video00024,shape,input/ALOV300++/alov300++_rectangleAnnotation_full/05-Shape/05-Shape_video00024.ann,1080,1906,465
input/ALOV300++/imagedata++/10-LowContrast/10-LowContrast_video00006,lowcontrast,input/ALOV300++/alov300++_rectangleAnnotation_full/10-LowContrast/10-LowContrast_video00006.ann,720,1280,223
input/ALOV300++/imagedata++/07-MotionCoherence/07-MotionCoherence_video00009,motioncoherence,input/ALOV300++/alov300++_rectangleAnnotation_full/07-MotionCoherence/07-MotionCoherence_video00009.ann,720,1280,328
input/ALOV300++/imagedata++/13-ZoomingCamera/13-ZoomingCamera_video00028,zoomingcamera,input/ALOV300++/alov300++_rectangleAnnotation_full/13-ZoomingCamera/13-ZoomingCamera_video00028.ann,576,704,248
input/ALOV300++/imagedata++/13-ZoomingCamera/13-ZoomingCamera_video00011,zoomingcamera,input/ALOV300++/alov300++_rectangleAnnotation_full/13-ZoomingCamera/13-ZoomingCamera_video00011.ann,480,848,708
input/ALOV300++/imagedata++/07-MotionCoherence/07-MotionCoherence_video00011,motioncoherence,input/ALOV300++/alov300++_rectangleAnnotation_full/07-MotionCoherence/07-MotionCoherence_video00011.ann,576,720,239
input/ALOV300++/imagedata++/01-Light/01-Light_video00002,light,input/ALOV300++/alov300++_rectangleAnnotation_full/01-Light/01-Light_video00002.ann,718,1280,114
input/ALOV300++/imagedata++/09-Confusion/09-Confusion_video00011,confusion,input/ALOV300++/alov300++_rectangleAnnotation_full/09-Confusion/09-Confusion_video00011.ann,1080,1920,238
input/ALOV300++/imagedata++/11-Occlusion/11-Occlusion_video00011,occlusion,input/ALOV300++/alov300++_rectangleAnnotation_full/11-Occlusion/11-Occlusion_video00011.ann,1080,1920,283
input/ALOV300++/imagedata++/11-Occlusion/11-Occlusion_video00024,occlusion,input/ALOV300++/alov300++_rectangleAnnotation_full/11-Occlusion/11-Occlusion_video00024.ann,288,352,885
input/ALOV300++/imagedata++/13-ZoomingCamera/13-ZoomingCamera_video00002,zoomingcamera,input/ALOV300++/alov300++_rectangleAnnotation_full/13-ZoomingCamera/13-ZoomingCamera_video00002.ann,576,720,179
input/ALOV300++/imagedata++/10-LowContrast/10-LowContrast_video00018,lowcontrast,input/ALOV300++/alov300++_rectangleAnnotation_full/10-LowContrast/10-LowContrast_video00018.ann,720,1280,765
input/ALOV300++/imagedata++/09-Confusion/09-Confusion_video00034,confusion,input/ALOV300++/alov300++_rectangleAnnotation_full/09-Confusion/09-Confusion_video00034.ann,720,1280,161
input/ALOV300++/imagedata++/09-Confusion/09-Confusion_video00022,confusion,input/ALOV300++/alov300++_rectangleAnnotation_full/09-Confusion/09-Confusion_video00022.ann,720,1280,298
input/ALOV300++/imagedata++/10-LowContrast/10-LowContrast_video00014,lowcontrast,input/ALOV300++/alov300++_rectangleAnnotation_full/10-LowContrast/10-LowContrast_video00014.ann,1080,1440,523
input/ALOV300++/imagedata++/06-MotionSmoothness/06-MotionSmoothness_video00010,motionsmoothness,input/ALOV300++/alov300++_rectangleAnnotation_full/06-MotionSmoothness/06-MotionSmoothness_video00010.ann,1080,1920,345
input/ALOV300++/imagedata++/10-LowContrast/10-LowContrast_video00001,lowcontrast,input/ALOV300++/alov300++_rectangleAnnotation_full/10-LowContrast/10-LowContrast_video00001.ann,720,1280,417
input/ALOV300++/imagedata++/10-LowContrast/10-LowContrast_video00004,lowcontrast,input/ALOV300++/alov300++_rectangleAnnotation_full/10-LowContrast/10-LowContrast_video00004.ann,720,1280,177
input/ALOV300++/imagedata++/01-Light/01-Light_video00022,light,input/ALOV300++/alov300++_rectangleAnnotation_full/01-Light/01-Light_video00022.ann,480,360,801
input/ALOV300++/imagedata++/13-ZoomingCamera/13-ZoomingCamera_video00012,zoomingcamera,input/ALOV300++/alov300++_rectangleAnnotation_full/13-ZoomingCamera/13-ZoomingCamera_video00012.ann,480,640,221
input/ALOV300++/imagedata++/06-MotionSmoothness/06-MotionSmoothness_video00005,motionsmoothness,input/ALOV300++/alov300++_rectangleAnnotation_full/06-MotionSmoothness/06-MotionSmoothness_video00005.ann,576,768,1538
input/ALOV300++/imagedata++/09-Confusion/09-Confusion_video00003,confusion,input/ALOV300++/alov300++_rectangleAnnotation_full/09-Confusion/09-Confusion_video00003.ann,720,1280,343
input/ALOV300++/imagedata++/05-Shape/05-Shape_video00005,shape,input/ALOV300++/alov300++_rectangleAnnotation_full/05-Shape/05-Shape_video00005.ann,720,1280,225
input/ALOV300++/imagedata++/05-Shape/05-Shape_video00013,shape,input/ALOV300++/alov300++_rectangleAnnotation_full/05-Shape/05-Shape_video00013.ann,360,480,229
input/ALOV300++/imagedata++/06-MotionSmoothness/06-MotionSmoothness_video00012,motionsmoothness,input/ALOV300++/alov300++_rectangleAnnotation_full/06-MotionSmoothness/06-MotionSmoothness_video00012.ann,1080,1920,148
input/ALOV300++/imagedata++/01-Light/01-Light_video00001,light,input/ALOV300++/alov300++_rectangleAnnotation_full/01-Light/01-Light_video00001.ann,720,1280,356
input/ALOV300++/imagedata++/05-Shape/05-Shape_video00020,shape,input/ALOV300++/alov300++_rectangleAnnotation_full/05-Shape/05-Shape_video00020.ann,720,1280,330
input/ALOV300++/imagedata++/13-ZoomingCamera/13-ZoomingCamera_video00003,zoomingcamera,input/ALOV300++/alov300++_rectangleAnnotation_full/13-ZoomingCamera/13-ZoomingCamera_video00003.ann,480,854,200
input/ALOV300++/imagedata++/09-Confusion/09-Confusion_video00025,confusion,input/ALOV300++/alov300++_rectangleAnnotation_full/09-Confusion/09-Confusion_video00025.ann,404,720,459
input/ALOV300++/imagedata++/03-Specularity/03-Specularity_video00015,specularity,input/ALOV300++/alov300++_rectangleAnnotation_full/03-Specularity/03-Specularity_video00015.ann,720,1280,465
input/ALOV300++/imagedata++/09-Confusion/09-Confusion_video00020,confusion,input/ALOV300++/alov300++_rectangleAnnotation_full/09-Confusion/09-Confusion_video00020.ann,720,1280,238
input/ALOV300++/imagedata++/08-Clutter/08-Clutter_video00008,clutter,input/ALOV300++/alov300++_rectangleAnnotation_full/08-Clutter/08-Clutter_video00008.ann,420,560,185
input/ALOV300++/imagedata++/04-Transparency/04-Transparency_video00013,transparency,input/ALOV300++/alov300++_rectangleAnnotation_full/04-Transparency/04-Transparency_video00013.ann,480,640,257
input/ALOV300++/imagedata++/11-Occlusion/11-Occlusion_video00017,occlusion,input/ALOV300++/alov300++_rectangleAnnotation_full/11-Occlusion/11-Occlusion_video00017.ann,540,1280,180
input/ALOV300++/imagedata++/03-Specularity/03-Specularity_video00008,specularity,input/ALOV300++/alov300++_rectangleAnnotation_full/03-Specularity/03-Specularity_video00008.ann,720,1280,119
input/ALOV300++/imagedata++/12-MovingCamera/12-MovingCamera_video00018,movingcamera,input/ALOV300++/alov300++_rectangleAnnotation_full/12-MovingCamera/12-MovingCamera_video00018.ann,576,720,53
input/ALOV300++/imagedata++/05-Shape/05-Shape_video00018,shape,input/ALOV300++/alov300++_rectangleAnnotation_full/05-Shape/05-Shape_video00018.ann,720,1280,140
input/ALOV300++/imagedata++/04-Transparency/04-Transparency_video00017,transparency,input/ALOV300++/alov300++_rectangleAnnotation_full/04-Transparency/04-Transparency_video00017.ann,720,1280,120
input/ALOV300++/imagedata++/01-Light/01-Light_video00005,light,input/ALOV300++/alov300++_rectangleAnnotation_full/01-Light/01-Light_video00005.ann,1080,1920,360
input/ALOV300++/imagedata++/01-Light/01-Light_video00029,light,input/ALOV300++/alov300++_rectangleAnnotation_full/01-Light/01-Light_video00029.ann,480,640,199
input/ALOV300++/imagedata++/01-Light/01-Light_video00011,light,input/ALOV300++/alov300++_rectangleAnnotation_full/01-Light/01-Light_video00011.ann,576,720,3998
input/ALOV300++/imagedata++/02-SurfaceCover/02-SurfaceCover_video00002,surfacecover,input/ALOV300++/alov300++_rectangleAnnotation_full/02-SurfaceCover/02-SurfaceCover_video00002.ann,360,480,122
input/ALOV300++/imagedata++/14-LongDuration/14-LongDuration_video00004,longduration,input/ALOV300++/alov300++_rectangleAnnotation_full/14-LongDuration/14-LongDuration_video00004.ann,720,1280,3960
input/ALOV300++/imagedata++/09-Confusion/09-Confusion_video00017,confusion,input/ALOV300++/alov300++_rectangleAnnotation_full/09-Confusion/09-Confusion_video00017.ann,720,900,187
input/ALOV300++/imagedata++/06-MotionSmoothness/06-MotionSmoothness_video00009,motionsmoothness,input/ALOV300++/alov300++_rectangleAnnotation_full/06-MotionSmoothness/06-MotionSmoothness_video00009.ann,1080,1920,120
input/ALOV300++/imagedata++/11-Occlusion/11-Occlusion_video00026,occlusion,input/ALOV300++/alov300++_rectangleAnnotation_full/11-Occlusion/11-Occlusion_video00026.ann,576,720,41
input/ALOV300++/imagedata++/13-ZoomingCamera/13-ZoomingCamera_video00022,zoomingcamera,input/ALOV300++/alov300++_rectangleAnnotation_full/13-ZoomingCamera/13-ZoomingCamera_video00022.ann,480,640,175
input/ALOV300++/imagedata++/02-SurfaceCover/02-SurfaceCover_video00015,surfacecover,input/ALOV300++/alov300++_rectangleAnnotation_full/02-SurfaceCover/02-SurfaceCover_video00015.ann,240,320,225
input/ALOV300++/imagedata++/11-Occlusion/11-Occlusion_video00020,occlusion,input/ALOV300++/alov300++_rectangleAnnotation_full/11-Occlusion/11-Occlusion_video00020.ann,288,352,96
input/ALOV300++/imagedata++/13-ZoomingCamera/13-ZoomingCamera_video00017,zoomingcamera,input/ALOV300++/alov300++_rectangleAnnotation_full/13-ZoomingCamera/13-ZoomingCamera_video00017.ann,1080,1920,304
input/ALOV300++/imagedata++/07-MotionCoherence/07-MotionCoherence_video00004,motioncoherence,input/ALOV300++/alov300++_rectangleAnnotation_full/07-MotionCoherence/07-MotionCoherence_video00004.ann,360,640,100
input/ALOV300++/imagedata++/09-Confusion/09-Confusion_video00016,confusion,input/ALOV300++/alov300++_rectangleAnnotation_full/09-Confusion/09-Confusion_video00016.ann,540,1280,240
input/ALOV300++/imagedata++/04-Transparency/04-Transparency_video00020,transparency,input/ALOV300++/alov300++_rectangleAnnotation_full/04-Transparency/04-Transparency_video00020.ann,576,720,117
input/ALOV300++/imagedata++/01-Light/01-Light_video00019,light,input/ALOV300++/alov300++_rectangleAnnotation_full/01-Light/01-Light_video00019.ann,480,640,120
input/ALOV300++/imagedata++/14-LongDuration/14-LongDuration_video00003,longduration,input/ALOV300++/alov300++_rectangleAnnotation_full/14-LongDuration/14-LongDuration_video00003.ann,217,290,2818
input/ALOV300++/imagedata++/05-Shape/05-Shape_video00001,shape,input/ALOV300++/alov300++_rectangleAnnotation_full/05-Shape/05-Shape_video00001.ann,720,1280,152
input/ALOV300++/imagedata++/13-ZoomingCamera/13-ZoomingCamera_video00025,zoomingcamera,input/ALOV300++/alov300++_rectangleAnnotation_full/13-ZoomingCamera/13-ZoomingCamera_video00025.ann,1080,1920,120
input/ALOV300++/imagedata++/02-SurfaceCover/02-SurfaceCover_video00009,surfacecover,input/ALOV300++/alov300++_rectangleAnnotation_full/02-SurfaceCover/02-SurfaceCover_video00009.ann,270,480,3354
input/ALOV300++/imagedata++/01-Light/01-Light_video00017,light,input/ALOV300++/alov300++_rectangleAnnotation_full/01-Light/01-Light_video00017.ann,480,640,468
input/ALOV300++/imagedata++/02-SurfaceCover/02-SurfaceCover_video00013,surfacecover,input/ALOV300++/alov300++_rectangleAnnotation_full/02-SurfaceCover/02-SurfaceCover_video00013.ann,1080,1920,200
input/ALOV300++/imagedata++/04-Transparency/04-Transparency_video00019,transparency,input/ALOV300++/alov300++_rectangleAnnotation_full/04-Transparency/04-Transparency_video00019.ann,360,480,236
input/ALOV300++/imagedata++/05-Shape/05-Shape_video00004,shape,input/ALOV300++/alov300++_rectangleAnnotation_full/05-Shape/05-Shape_video00004.ann,720,1280,240
input/ALOV300++/imagedata++/11-Occlusion/11-Occlusion_video00031,occlusion,input/ALOV300++/alov300++_rectangleAnnotation_full/11-Occlusion/11-Occlusion_video00031.ann,720,1280,144
input/ALOV300++/imagedata++/09-Confusion/09-Confusion_video00001,confusion,input/ALOV300++/alov300++_rectangleAnnotation_full/09-Confusion/09-Confusion_video00001.ann,1080,1920,196
input/ALOV300++/imagedata++/06-MotionSmoothness/06-MotionSmoothness_video00004,motionsmoothness,input/ALOV300++/alov300++_rectangleAnnotation_full/06-MotionSmoothness/06-MotionSmoothness_video00004.ann,720,1280,102
input/ALOV300++/imagedata++/10-LowContrast/10-LowContrast_video00002,lowcontrast,input/ALOV300++/alov300++_rectangleAnnotation_full/10-LowContrast/10-LowContrast_video00002.ann,480,640,336
input/ALOV300++/imagedata++/05-Shape/05-Shape_video00011,shape,input/ALOV300++/alov300++_rectangleAnnotation_full/05-Shape/05-Shape_video00011.ann,720,1280,381
input/ALOV300++/imagedata++/06-MotionSmoothness/06-MotionSmoothness_video00007,motionsmoothness,input/ALOV300++/alov300++_rectangleAnnotation_full/06-MotionSmoothness/06-MotionSmoothness_video00007.ann,576,768,792
input/ALOV300++/imagedata++/12-MovingCamera/12-MovingCamera_video00017,movingcamera,input/ALOV300++/alov300++_rectangleAnnotation_full/12-MovingCamera/12-MovingCamera_video00017.ann,360,480,19
input/ALOV300++/imagedata++/04-Transparency/04-Transparency_video00016,transparency,input/ALOV300++/alov300++_rectangleAnnotation_full/04-Transparency/04-Transparency_video00016.ann,480,640,139
input/ALOV300++/imagedata++/13-ZoomingCamera/13-ZoomingCamera_video00024,zoomingcamera,input/ALOV300++/alov300++_rectangleAnnotation_full/13-ZoomingCamera/13-ZoomingCamera_video00024.ann,720,1280,270
input/ALOV300++/imagedata++/11-Occlusion/11-Occlusion_video00025,occlusion,input/ALOV300++/alov300++_rectangleAnnotation_full/11-Occlusion/11-Occlusion_video00025.ann,240,320,817
input/ALOV300++/imagedata++/01-Light/01-Light_video00015,light,input/ALOV300++/alov300++_rectangleAnnotation_full/01-Light/01-Light_video00015.ann,240,320,289
input/ALOV300++/imagedata++/05-Shape/05-Shape_video00022,shape,input/ALOV300++/alov300++_rectangleAnnotation_full/05-Shape/05-Shape_video00022.ann,240,320,1192
input/ALOV300++/imagedata++/13-ZoomingCamera/13-ZoomingCamera_video00001,zoomingcamera,input/ALOV300++/alov300++_rectangleAnnotation_full/13-ZoomingCamera/13-ZoomingCamera_video00001.ann,1080,1920,226
input/ALOV300++/imagedata++/12-MovingCamera/12-MovingCamera_video00006,movingcamera,input/ALOV300++/alov300++_rectangleAnnotation_full/12-MovingCamera/12-MovingCamera_video00006.ann,1080,1906,144
input/ALOV300++/imagedata++/01-Light/01-Light_video00004,light,input/ALOV300++/alov300++_rectangleAnnotation_full/01-Light/01-Light_video00004.ann,718,1280,120
input/ALOV300++/imagedata++/14-LongDuration/14-LongDuration_video00001,longduration,input/ALOV300++/alov300++_rectangleAnnotation_full/14-LongDuration/14-LongDuration_video00001.ann,310,470,954
input/ALOV300++/imagedata++/06-MotionSmoothness/06-MotionSmoothness_video00019,motionsmoothness,input/ALOV300++/alov300++_rectangleAnnotation_full/06-MotionSmoothness/06-MotionSmoothness_video00019.ann,288,352,311
input/ALOV300++/imagedata++/07-MotionCoherence/07-MotionCoherence_video00008,motioncoherence,input/ALOV300++/alov300++_rectangleAnnotation_full/07-MotionCoherence/07-MotionCoherence_video00008.ann,576,720,349
input/ALOV300++/imagedata++/11-Occlusion/11-Occlusion_video00013,occlusion,input/ALOV300++/alov300++_rectangleAnnotation_full/11-Occlusion/11-Occlusion_video00013.ann,544,1280,779
input/ALOV300++/imagedata++/09-Confusion/09-Confusion_video00037,confusion,input/ALOV300++/alov300++_rectangleAnnotation_full/09-Confusion/09-Confusion_video00037.ann,1080,1920,408
input/ALOV300++/imagedata++/13-ZoomingCamera/13-ZoomingCamera_video00016,zoomingcamera,input/ALOV300++/alov300++_rectangleAnnotation_full/13-ZoomingCamera/13-ZoomingCamera_video00016.ann,1080,1920,208
input/ALOV300++/imagedata++/04-Transparency/04-Transparency_video00011,transparency,input/ALOV300++/alov300++_rectangleAnnotation_full/04-Transparency/04-Transparency_video00011.ann,360,480,258
input/ALOV300++/imagedata++/11-Occlusion/11-Occlusion_video00033,occlusion,input/ALOV300++/alov300++_rectangleAnnotation_full/11-Occlusion/11-Occlusion_video00033.ann,480,640,299
input/ALOV300++/imagedata++/11-Occlusion/11-Occlusion_video00022,occlusion,input/ALOV300++/alov300++_rectangleAnnotation_full/11-Occlusion/11-Occlusion_video00022.ann,1080,1920,226
input/ALOV300++/imagedata++/03-Specularity/03-Specularity_video00003,specularity,input/ALOV300++/alov300++_rectangleAnnotation_full/03-Specularity/03-Specularity_video00003.ann,240,320,282
input/ALOV300++/imagedata++/11-Occlusion/11-Occlusion_video00028,occlusion,input/ALOV300++/alov300++_rectangleAnnotation_full/11-Occlusion/11-Occlusion_video00028.ann,576,720,484
input/ALOV300++/imagedata++/06-MotionSmoothness/06-MotionSmoothness_video00011,motionsmoothness,input/ALOV300++/alov300++_rectangleAnnotation_full/06-MotionSmoothness/06-MotionSmoothness_video00011.ann,720,1280,202
input/ALOV300++/imagedata++/13-ZoomingCamera/13-ZoomingCamera_video00008,zoomingcamera,input/ALOV300++/alov300++_rectangleAnnotation_full/13-ZoomingCamera/13-ZoomingCamera_video00008.ann,1080,1920,148
input/ALOV300++/imagedata++/11-Occlusion/11-Occlusion_video00018,occlusion,input/ALOV300++/alov300++_rectangleAnnotation_full/11-Occlusion/11-Occlusion_video00018.ann,1080,1920,462
input/ALOV300++/imagedata++/08-Clutter/08-Clutter_video00015,clutter,input/ALOV300++/alov300++_rectangleAnnotation_full/08-Clutter/08-Clutter_video00015.ann,480,640,377
input/ALOV300++/imagedata++/09-Confusion/09-Confusion_video00013,confusion,input/ALOV300++/alov300++_rectangleAnnotation_full/09-Confusion/09-Confusion_video00013.ann,360,480,298
input/ALOV300++/imagedata++/01-Light/01-Light_video00031,light,input/ALOV300++/alov300++_rectangleAnnotation_full/01-Light/01-Light_video00031.ann,720,1280,117
input/ALOV300++/imagedata++/08-Clutter/08-Clutter_video00011,clutter,input/ALOV300++/alov300++_rectangleAnnotation_full/08-Clutter/08-Clutter_video00011.ann,480,640,1334
input/ALOV300++/imagedata++/11-Occlusion/11-Occlusion_video00015,occlusion,input/ALOV300++/alov300++_rectangleAnnotation_full/11-Occlusion/11-Occlusion_video00015.ann,544,1280,725
input/ALOV300++/imagedata++/13-ZoomingCamera/13-ZoomingCamera_video00005,zoomingcamera,input/ALOV300++/alov300++_rectangleAnnotation_full/13-ZoomingCamera/13-ZoomingCamera_video00005.ann,480,854,240
input/ALOV300++/imagedata++/09-Confusion/09-Confusion_video00019,confusion,input/ALOV300++/alov300++_rectangleAnnotation_full/09-Confusion/09-Confusion_video00019.ann,576,720,499
input/ALOV300++/imagedata++/07-MotionCoherence/07-MotionCoherence_video00012,motioncoherence,input/ALOV300++/alov300++_rectangleAnnotation_full/07-MotionCoherence/07-MotionCoherence_video00012.ann,480,854,300
input/ALOV300++/imagedata++/08-Clutter/08-Clutter_video00009,clutter,input/ALOV300++/alov300++_rectangleAnnotation_full/08-Clutter/08-Clutter_video00009.ann,480,640,120
input/ALOV300++/imagedata++/10-LowContrast/10-LowContrast_video00009,lowcontrast,input/ALOV300++/alov300++_rectangleAnnotation_full/10-LowContrast/10-LowContrast_video00009.ann,544,1280,137
input/ALOV300++/imagedata++/03-Specularity/03-Specularity_video00006,specularity,input/ALOV300++/alov300++_rectangleAnnotation_full/03-Specularity/03-Specularity_video00006.ann,1080,1920,388
input/ALOV300++/imagedata++/13-ZoomingCamera/13-ZoomingCamera_video00020,zoomingcamera,input/ALOV300++/alov300++_rectangleAnnotation_full/13-ZoomingCamera/13-ZoomingCamera_video00020.ann,1080,1920,313
input/ALOV300++/imagedata++/10-LowContrast/10-LowContrast_video00016,lowcontrast,input/ALOV300++/alov300++_rectangleAnnotation_full/10-LowContrast/10-LowContrast_video00016.ann,720,1280,276
input/ALOV300++/imagedata++/13-ZoomingCamera/13-ZoomingCamera_video00029,zoomingcamera,input/ALOV300++/alov300++_rectangleAnnotation_full/13-ZoomingCamera/13-ZoomingCamera_video00029.ann,576,704,750
